<?xml version="1.0" encoding="UTF-8"?>
<project-private xmlns="http://www.netbeans.org/ns/project-private/1">
    <editor-bookmarks xmlns="http://www.netbeans.org/ns/editor-bookmarks/2" lastBookmarkId="0"/>
    <open-files xmlns="http://www.netbeans.org/ns/projectui-open-files/2">
        <group>
            <file>file:/home/alex/Descargas/beans/src/java/javaBean/Alumno.java</file>
            <file>file:/home/alex/Descargas/beans/src/java/controller/servlet.java</file>
            <file>file:/home/alex/Descargas/beans/web/main.jsp</file>
            <file>file:/home/alex/Descargas/beans/web/index.html</file>
        </group>
    </open-files>
</project-private>
